20,40 ,50,70,80,90,100
0000aa-f9710e 45,000bab-66dd23 47,001ec1-db9f81 47,001ec1-db9f81 47,001ec1-db9f81 47, 000463-5bf140 45,00156d-4cb4e9 46
  0000aa-f9714a 45,  000bab-66ddb4 47,  00265e-420ab4 48,  00e0bb-286ede 45,  00203d-000162 36,  001ec1-db9f81 47,  001dba-0f998d 45
  001ec1-db9f81 47,  001320-f395d8 17,  286aba-ee6302 45,  00e0bb-2882b9 48,,,  001ec1-db9f81 47
  004854-75a848 45,  001422-f67288 41,  8c0c90-048180 48,  00e0bb-28adcd 48,,,  0024be-182a47 48
  8851fb-eed54d 45,  001438-934ce3 41,  8c0c90-0484a0 48,  00e0bb-28ade4 8,,,  0024be-182a48 45
  f0921c-e0c6e9 47,  001676-056b93 13,  8c0c90-04d710 45,  00e0bb-28ae1d 45,,,  0024be-182a49 46
001ec1-db9f81 48,  001676-059475 3,  8c0c90-04dc60 48,  00e0bb-28ae72 45,,,  0024be-182a4a 46
  004854-75a848 48,  001676-059684 13,  8c0c90-04dc80 45,  00e0bb-28ae81 45,,,  0024be-182a83 47
  8851fb-eed54d 48,  001676-25d8da 13,  8c0c90-052f60 45,  00e0bb-28aefd 39,,,  0024be-182a86 47
  f0921c-e0c6e9 48,  001676-25d946 10,  8c0c90-0648f0 46,  00e0bb-28b10a 46,,,  0024be-182a8c 48
,  001676-39f616 41,  8c0c90-0649c0 48,  00e0bb-28b10e 22,,,  0024be-182a93 46
,  001aa0-30d745 41,  9c934e-5ce7ca 45,  00e0bb-28b152 6,,,  0024be-182a94 45
,  001ec1-db9f81 47,001ec1-db9f81 48,  00e0bb-28b155 48,,,  0024be-182a96 45
,  004854-759e0b 47,  00265e-420ab4 48,  00e0bb-28b156 11,,,  0024be-182ab5 48
,  004854-76161b 41,  041552-55d37a 48,  00e0bb-28b157 15,,,  0024be-182ab6 47
,  005056-9c4b97 47,  286aba-ee6302 48,  00e0bb-28b167 48,,,  0024be-182ab8 48
,  2c5d93-043320 45,  8c0c90-0484a0 48,  00e0bb-28b16b 23,,,  0024be-182ab9 48
,  2c5d93-0450c0 7,  8c0c90-04dc60 48,  00e0bb-28b16f 46,,,  0024be-182aba 48
,  8c0c90-048770 45,  8c0c90-0648f0 48,  00e0bb-28b171 48,,,  0024e8-6a59a3 47
,  f0b052-2cefe0 46,  9c934e-5ce7ca 48,  00e0bb-28b1bb 48,,,  0024e8-6a59a5 47
,  f0b052-2d0620 5,,  00e0bb-28b1be 48,,,  002722-10496a 46
,000bab-66dd23 48,,  00e0bb-28b1bf 48,,,  002722-104e9c 46
,  000bab-66ddb4 48,,  00e0bb-28b1c8 48,,,  002722-104e9d 46
,  001320-f395d8 48,,  00e0bb-28b208 46,,,  78843c-1bea07 46
,  001422-f67288 48,,  00e0bb-28b21f 46,,,00156d-4cb4e9 47
,  001676-055c9e 48,,  00e0bb-28b22f 48,,,  001dba-0f9977 36
,  001676-056b93 48,,  00e0bb-28b23a 45,,,  001dba-0f998d 47
,  001676-059684 48,,  00e0bb-28cd30 46,,,  001dba-0f998e 33
,  001676-25d8da 48,,  00e0bb-390ed3 45,,,  001ec1-db9f81 47
,  001676-27c82e 48,,,,,  0024be-182a47 47
,  001676-39f616 48,,,,,  0024be-182a48 47
,  001aa0-30d745 48,,,,,  0024be-182a49 47
,  001ec1-db9f81 48,,,,,  0024be-182a4a 47
,  004854-759e0b 48,,,,,  0024be-182a83 30
,  004854-76161b 48,,,,,  0024be-182a84 34
,  005056-9c4b97 48,,,,,  0024be-182a85 31
,  2c5d93-043320 3,,,,,  0024be-182a86 32
,  8c0c90-048770 21,,,,,  0024be-182a8b 35
,  f0b052-2cefe0 48,,,,,  0024be-182a8c 47
,,,,,,  0024be-182a8d 29
,,,,,,  0024be-182a8e 38
,,,,,,  0024be-182a93 47
,,,,,,  0024be-182a94 47
,,,,,,  0024be-182a96 47
,,,,,,  0024be-182ab3 40
,,,,,,  0024be-182ab5 47
,,,,,,  0024be-182ab6 39
,,,,,,  0024be-182ab8 47
,,,,,,  0024be-182ab9 47
,,,,,,  0024be-182aba 47
,,,,,,  0024be-497eb5 37
,,,,,,  0024e8-6a59a3 43
,,,,,,  0024e8-6a59a5 42
,,,,,,  78843c-1bea07 47
,,,,,,00156d-4cb4e9 48
,,,,,,  001dba-0f998d 40
,,,,,,  001dba-0f998e 48
,,,,,,  001ec1-db9f81 48
,,,,,,  0024be-182a48 43
,,,,,,  0024be-182a8b 48
,,,,,,  0024be-182a8d 48
,,,,,,  0024be-182a94 41
,,,,,,  0024be-182a96 42
,,,,,,  0024be-182ab3 48
,,,,,,  0024be-497eb5 48
,,,,,,  0024e8-6a59a3 48
,,,,,,  0024e8-6a59a5 48